Allen ID,Hemisphere,x,y,z
184,ipsilateral,68.34368530020704,108.25465838509317,51.219461697722565
985,ipsilateral,78.59031459879816,88.03305054789678,55.376458112407214
993,ipsilateral,70.25947432762837,94.9356662591687,57.91075794621027
353,ipsilateral,92.87830687830687,74.2744708994709,54.41468253968254
329,ipsilateral,90.1501272264631,63.61005089058524,61.48473282442748
337,ipsilateral,74.56635672020288,71.33981403212172,66.68977176669485
345,ipsilateral,90.90511418462528,84.82212930202637,48.85718880669025
369,ipsilateral,81.26033934252386,76.51908801696713,61.63944856839873
361,ipsilateral,74.88936781609195,64.19683908045977,69.53017241379311
182305689,ipsilateral,84.83015873015873,72.43174603174603,61.74444444444445
378,ipsilateral,98.56092670973491,69.93406103809312,45.47560703942972
1057,ipsilateral,94.33181299885975,84.35347776510832,34.302166476624855
677,ipsilateral,101.21669477234401,68.0893760539629,34.45025295109612
1011,ipsilateral,99.1771523178808,55.562913907284766,54.75993377483444
1002,ipsilateral,102.08853681267475,51.658900279589936,50.83690587138863
1027,ipsilateral,99.30536912751678,46.84228187919463,56.02348993288591
1018,ipsilateral,103.39756367663344,52.95791805094131,45.04097452934662
402,ipsilateral,93.93899204244032,48.47480106100796,62.19893899204244
394,ipsilateral,73.43958868894602,54.3573264781491,71.719794344473
409,ipsilateral,92.78836833602585,40.01453957996769,60.58966074313409
385,ipsilateral,82.62204058624577,40.280157835400225,66.97970687711387
425,ipsilateral,89.49872773536896,30.928753180661577,56.95674300254453
533,ipsilateral,73.88527724665391,47.19120458891013,71.88718929254303
312782574,ipsilateral,96.01204819277109,40.381526104417674,57.57429718875502
312782628,ipsilateral,98.28684627575278,35.35499207606973,51.621236133122025
39,ipsilateral,60.94128440366973,86.59694189602446,59.62691131498471
48,ipsilateral,60.145353455123114,82.48689436060366,54.43685464654488
972,ipsilateral,61.17739403453689,99.88147566718995,51.16483516483517
44,ipsilateral,60.365470852017935,96.1322869955157,41.95739910313901
723,ipsilateral,72.15532544378698,101.38461538461539,40.65902366863905
731,ipsilateral,60.23024523160763,103.03814713896458,43.107629427792915
746,ipsilateral,64.82642777155655,103.49384098544233,42.85778275475924
104,ipsilateral,84.13770844540075,96.31952662721893,36.21247982786444
111,ipsilateral,98.71674876847291,71.40065681444992,27.98768472906404
119,ipsilateral,84.08217592592592,93.78356481481481,29.98148148148148
894,ipsilateral,69.84816753926701,49.7870855148342,70.81151832460733
879,ipsilateral,65.68022952529995,50.8075117370892,70.9848721961398
886,ipsilateral,61.798750557786704,53.234270414993304,66.47389558232932
312782546,ipsilateral,77.19944211994421,58.4700139470014,70.3723849372385
417,ipsilateral,87.69504950495049,53.041584158415844,66.5940594059406
541,ipsilateral,102.55684007707129,48.285163776493256,44.41490044958253
922,ipsilateral,103.55889724310777,48.854636591478695,33.8671679197995
895,ipsilateral,102.7062937062937,50.53729603729604,36.124708624708624
507,ipsilateral,65.64741084513923,117.32059110893991,35.079628724963364
151,ipsilateral,68.39692307692307,111.80307692307693,42.38461538461539
159,ipsilateral,67.47646336471551,102.87965616045845,27.47441670077773
589,ipsilateral,60.205128205128204,98.110661268556,24.59514170040486
814,ipsilateral,60.48,94.536,36.14
961,ipsilateral,90.53880648499482,74.90807174887892,18.513797861331494
619,ipsilateral,77.84810126582279,70.37341772151899,9.91139240506329
639,ipsilateral,81.95478723404256,67.56382978723404,7.992021276595745
647,ipsilateral,85.97106109324758,52.34485530546624,11.215434083601286
788,ipsilateral,89.25487012987013,63.092532467532465,7.547077922077922
566,ipsilateral,95.34285714285714,46.49624060150376,16.705263157894738
382,ipsilateral,84.24079485680889,50.67523865186051,47.58153126826417
423,ipsilateral,83.86666666666666,56.28888888888889,46.66222222222222
463,ipsilateral,82.4504132231405,54.15289256198347,41.70025429116338
726,ipsilateral,77.92718446601941,50.375,46.32251213592233
982,ipsilateral,58.535714285714285,59.25,56.67857142857143
19,ipsilateral,57.5,81.88235294117646,50.588235294117645
918,ipsilateral,100.53337511751802,41.64117831400815,30.897524287057347
926,ipsilateral,92.45204402515724,33.3997641509434,36.130503144654085
843,ipsilateral,85.70194384449245,33.64362850971922,43.22678185745141
1037,ipsilateral,77.89053803339517,39.33024118738405,57.191094619666046
1084,ipsilateral,84.72123893805309,37.80530973451327,42.57964601769911
502,ipsilateral,83.97490706319702,41.860594795539036,46.84851301115241
583,ipsilateral,86.24087591240875,84.97080291970804,31.273722627737225
952,ipsilateral,88.70122630992196,74.30657748049052,25.081382385730212
966,ipsilateral,91.01237113402063,62.58762886597938,17.51958762886598
131,ipsilateral,93.04295942720763,58.16945107398568,26.706443914081145
295,ipsilateral,89.88805970149254,58.94562899786781,18.726012793176974
319,ipsilateral,85.29088471849866,61.02278820375335,15.136729222520108
780,ipsilateral,82.76494845360824,51.82886597938144,16.750515463917527
672,ipsilateral,80.41832577446384,77.60704127911445,36.928203551387504
56,ipsilateral,69.02745274527453,88.61476147614762,20.89198919891989
998,ipsilateral,79.68396226415095,76.9245283018868,18.93867924528302
754,ipsilateral,72.74843423799582,87.11951983298539,9.88517745302714
250,ipsilateral,62.36267605633803,78.30281690140845,47.86619718309859
258,ipsilateral,61.06478578892372,83.65308254963428,37.18808777429467
266,ipsilateral,62.990033222591364,82.60797342192691,31.730897009966778
310,ipsilateral,60.06367041198502,76.89138576779027,42.58426966292135
333,ipsilateral,58.588235294117645,88.0,38.76470588235294
23,ipsilateral,77.98818897637796,73.64173228346456,13.700787401574804
292,ipsilateral,76.3076923076923,67.3076923076923,8.307692307692308
536,ipsilateral,83.51359516616314,65.0785498489426,22.367069486404834
1105,ipsilateral,85.0,65.1,17.055555555555557
403,ipsilateral,77.9019801980198,62.554455445544555,15.486138613861387
1022,ipsilateral,79.6082474226804,69.6868556701031,31.387886597938145
1031,ipsilateral,77.10328638497653,65.16901408450704,26.136150234741784
342,ipsilateral,72.16611515552614,80.97485109199206,16.44870946393117
298,ipsilateral,73.65384615384616,76.9010989010989,13.296703296703297
564,ipsilateral,57.53875968992248,83.42248062015504,29.507751937984494
596,ipsilateral,62.94358974358974,83.03333333333333,14.551282051282051
581,ipsilateral,59.364102564102566,75.72307692307692,42.02564102564103
351,ipsilateral,66.050822122571,77.37369207772795,27.209267563527654
287,ipsilateral,62.5,77.0,28.0
629,ipsilateral,68.8989898989899,66.12121212121212,34.90151515151515
685,ipsilateral,66.22012578616352,62.708595387840674,29.07337526205451
718,ipsilateral,76.63777777777777,62.77777777777778,36.24888888888889
725,ipsilateral,70.24528301886792,56.113207547169814,33.698113207547166
733,ipsilateral,74.76781326781327,60.325552825552826,37.533169533169534
741,ipsilateral,63.38392857142857,57.330357142857146,32.5625
414,ipsilateral,59.90909090909091,56.06060606060606,31.181818181818183
422,ipsilateral,70.05555555555556,51.72222222222222,35.18055555555556
609,ipsilateral,57.9390243902439,55.73170731707317,36.9390243902439
1044,ipsilateral,79.7,46.3,35.4
475,ipsilateral,79.20402298850574,47.747126436781606,40.66954022988506
170,ipsilateral,80.0280112044818,55.38935574229692,46.778711484593835
218,ipsilateral,72.45588235294117,56.23202614379085,47.98039215686274
1020,ipsilateral,70.78996865203762,59.172413793103445,40.460815047021946
1029,ipsilateral,74.16831683168317,48.56435643564357,43.79207920792079
325,ipsilateral,77.6923076923077,47.05494505494506,44.69230769230769
255,ipsilateral,67.4927536231884,70.57971014492753,40.34299516908212
127,ipsilateral,64.02870813397129,70.11961722488039,34.01913875598086
64,ipsilateral,64.98765432098766,70.0,44.32098765432099
1120,ipsilateral,58.333333333333336,68.29629629629629,33.48148148148148
1113,ipsilateral,62.21311475409836,69.19672131147541,36.91803278688525
155,ipsilateral,71.25049701789264,64.89662027833002,46.82107355864811
59,ipsilateral,57.50892857142857,61.214285714285715,38.276785714285715
362,ipsilateral,61.5021582733813,63.43453237410072,39.8431654676259
366,ipsilateral,61.006802721088434,63.89795918367347,29.74829931972789
1077,ipsilateral,61.42666666666667,65.53333333333333,26.36
149,ipsilateral,57.93609022556391,67.06015037593986,39.81954887218045
15,ipsilateral,60.205128205128204,72.58974358974359,34.0940170940171
181,ipsilateral,58.85407725321888,67.94420600858369,27.781115879828327
189,ipsilateral,58.018181818181816,65.12727272727273,31.818181818181817
599,ipsilateral,58.310810810810814,64.37837837837837,34.513513513513516
907,ipsilateral,63.91150442477876,62.27433628318584,35.3716814159292
575,ipsilateral,65.66666666666667,62.41520467836257,42.824561403508774
930,ipsilateral,64.27309236947791,55.80722891566265,39.88353413654618
262,ipsilateral,75.65686274509804,66.6470588235294,36.19467787114846
27,ipsilateral,82.72727272727273,53.78787878787879,42.0
178,ipsilateral,83.52709359605912,54.58128078817734,39.77339901477833
321,ipsilateral,82.5,54.785714285714285,33.785714285714285
483,ipsilateral,59.278481012658226,62.55696202531646,48.70253164556962
186,ipsilateral,61.55747126436781,61.132183908045974,46.752873563218394
390,ipsilateral,68.84210526315789,72.21052631578948,11.631578947368421
332,ipsilateral,61.0,69.0,17.0
38,ipsilateral,58.71111111111111,70.23333333333333,22.433333333333334
30,ipsilateral,57.0,72.0,10.5
118,ipsilateral,57.84848484848485,65.9090909090909,16.454545454545453
223,ipsilateral,59.02797202797203,61.58741258741259,8.335664335664335
72,ipsilateral,59.977777777777774,80.46666666666667,23.244444444444444
263,ipsilateral,62.07142857142857,80.61904761904762,14.976190476190476
272,ipsilateral,58.642105263157895,81.6,14.094736842105263
830,ipsilateral,60.17224880382775,60.55023923444976,17.13397129186603
452,ipsilateral,57.06060606060606,79.51515151515152,25.03030303030303
523,ipsilateral,62.478873239436616,78.40492957746478,17.02112676056338
914,ipsilateral,62.0,76.2,21.8
1109,ipsilateral,63.53846153846154,80.36538461538461,20.923076923076923
126,ipsilateral,58.91803278688525,54.47540983606557,10.655737704918034
133,ipsilateral,57.43859649122807,76.12280701754386,15.964912280701755
347,ipsilateral,58.50684931506849,70.97260273972603,15.424657534246576
286,ipsilateral,58.6764705882353,71.97058823529412,10.470588235294118
338,ipsilateral,57.46666666666667,71.93333333333334,45.46666666666667
689,ipsilateral,64.42424242424242,78.03030303030303,10.545454545454545
88,ipsilateral,62.30833333333333,70.26944444444445,15.838888888888889
210,ipsilateral,66.32432432432432,51.945945945945944,16.72972972972973
491,ipsilateral,60.08041958041958,50.48951048951049,17.821678321678323
525,ipsilateral,60.36363636363637,51.75524475524475,21.377622377622377
1126,ipsilateral,58.45,55.25,14.0
1,ipsilateral,66.75471698113208,55.9622641509434,12.18867924528302
515,ipsilateral,60.095238095238095,75.83809523809524,17.34285714285714
980,ipsilateral,61.220588235294116,54.455882352941174,16.823529411764707
1004,ipsilateral,62.597938144329895,55.371134020618555,12.896907216494846
63,ipsilateral,61.71875,65.890625,22.28125
693,ipsilateral,61.35531135531136,62.96336996336996,11.827838827838828
946,ipsilateral,59.85123966942149,56.484848484848484,23.28099173553719
194,ipsilateral,69.12322274881517,64.42843601895734,19.161137440758292
226,ipsilateral,67.2992125984252,77.11023622047244,16.755905511811022
356,ipsilateral,70.28571428571429,60.285714285714285,21.714285714285715
364,ipsilateral,68.8170731707317,56.426829268292686,22.378048780487806
173,ipsilateral,62.3235294117647,69.38235294117646,9.544117647058824
470,ipsilateral,73.79,57.85,25.2
614,ipsilateral,66.26717557251908,62.2557251908397,10.358778625954198
797,ipsilateral,72.59779005524862,57.36795580110497,29.59779005524862
302,ipsilateral,63.83456561922366,38.93530499075786,63.40388170055453
4,ipsilateral,69.61915467625899,27.178057553956833,57.69244604316547
580,ipsilateral,78.02325581395348,40.55813953488372,45.76744186046512
271,ipsilateral,76.03636363636363,36.29090909090909,41.49090909090909
874,ipsilateral,78.41666666666667,37.125,40.375
460,ipsilateral,65.66666666666667,25.666666666666668,39.333333333333336
381,ipsilateral,73.57915057915058,46.55341055341055,27.283140283140284
749,ipsilateral,64.42129629629629,47.800925925925924,27.564814814814813
246,ipsilateral,68.49230769230769,41.0,33.15384615384615
128,ipsilateral,67.22505800464037,41.55259087393658,39.75676720804331
294,ipsilateral,66.12321615036547,39.52732335537765,55.67420814479638
795,ipsilateral,60.831103678929765,37.77717391304348,47.83277591973244
215,ipsilateral,69.68808777429467,50.31818181818182,46.158307210031346
531,ipsilateral,60.875,50.291666666666664,55.083333333333336
628,ipsilateral,67.62264150943396,49.81132075471698,54.9811320754717
634,ipsilateral,60.436619718309856,50.936619718309856,48.73943661971831
706,ipsilateral,64.03333333333333,52.0,52.93333333333333
1061,ipsilateral,65.78873239436619,49.29577464788732,53.352112676056336
616,ipsilateral,70.55714285714286,29.985714285714284,44.84642857142857
214,ipsilateral,64.6969696969697,44.11363636363637,35.58080808080808
35,ipsilateral,58.53333333333333,40.13333333333333,41.0
115,ipsilateral,59.666666666666664,35.0,41.333333333333336
757,ipsilateral,60.23529411764706,32.05882352941177,34.23529411764706
231,ipsilateral,59.5,35.54545454545455,32.27272727272727
66,ipsilateral,80.75,48.375,34.5
374,ipsilateral,70.92156862745098,47.27450980392157,27.852941176470587
1052,ipsilateral,69.7286995515695,34.163677130044846,36.2914798206278
12,ipsilateral,57.86,44.82,29.26
100,ipsilateral,58.42786069651741,44.3134328358209,24.686567164179106
197,ipsilateral,57.275,45.0,34.375
591,ipsilateral,57.829787234042556,40.08510638297872,34.48936170212766
872,ipsilateral,57.26315789473684,32.60526315789474,40.63157894736842
612,ipsilateral,74.93513513513514,36.321621621621624,27.04054054054054
7,ipsilateral,77.5752688172043,29.18100358422939,22.476702508960575
867,ipsilateral,72.28070175438596,27.389473684210525,36.14561403508772
398,ipsilateral,69.55142231947484,31.838074398249454,11.507658643326039
280,ipsilateral,64.85714285714286,24.571428571428573,35.0
880,ipsilateral,59.06,26.7,37.38
898,ipsilateral,60.925925925925924,24.966666666666665,35.30740740740741
931,ipsilateral,63.351578947368424,41.370526315789476,15.061052631578947
1093,ipsilateral,63.83009298393914,29.035502958579883,20.19695688926458
318,ipsilateral,59.42857142857143,22.428571428571427,29.571428571428573
534,ipsilateral,72.64393939393939,30.522727272727273,30.295454545454547
574,ipsilateral,62.19345238095238,37.657738095238095,18.211309523809526
621,ipsilateral,72.97126436781609,28.936781609195403,26.155172413793103
679,ipsilateral,58.7047619047619,35.612698412698414,27.26031746031746
147,ipsilateral,66.57142857142857,24.0,36.142857142857146
162,ipsilateral,62.55882352941177,27.745098039215687,39.26470588235294
604,ipsilateral,58.736111111111114,25.458333333333332,30.916666666666668
146,ipsilateral,66.03421727972626,35.96578272027374,25.75021385799829
238,ipsilateral,57.744680851063826,29.170212765957448,28.80851063829787
350,ipsilateral,66.42857142857143,24.642857142857142,31.857142857142858
358,ipsilateral,64.2,24.72,31.6
207,ipsilateral,57.68571428571428,4.514285714285714,28.82857142857143
96,ipsilateral,81.6038961038961,18.24025974025974,28.92207792207792
101,ipsilateral,83.64796905222437,24.591876208897485,21.713733075435204
711,ipsilateral,65.26829268292683,3.2378048780487805,27.548780487804876
1039,ipsilateral,60.170731707317074,1.2439024390243902,27.536585365853657
903,ipsilateral,70.45714285714286,6.3428571428571425,30.6
642,ipsilateral,63.43421052631579,31.973684210526315,11.407894736842104
651,ipsilateral,64.52546296296296,8.916666666666666,26.266203703703702
429,ipsilateral,74.13942307692308,2.7283653846153846,20.01201923076923
437,ipsilateral,76.445796460177,9.768805309734514,20.2179203539823
445,ipsilateral,75.9723865877712,19.329388560157792,19.940828402366865
653,ipsilateral,60.88235294117647,23.235294117647058,26.823529411764707
661,ipsilateral,70.52586206896552,22.424568965517242,11.25
576,ipsilateral,68.0,25.5,16.0
135,ipsilateral,70.9047619047619,12.904761904761905,12.857142857142858
839,ipsilateral,60.39506172839506,5.555555555555555,25.34567901234568
1048,ipsilateral,61.00975975975976,17.45870870870871,17.49924924924925
372,ipsilateral,70.48148148148148,16.37037037037037,39.592592592592595
83,ipsilateral,60.946502057613166,10.724279835390947,8.037037037037036
136,ipsilateral,66.53713049747657,14.233597692862293,18.145638067772172
106,ipsilateral,71.6,18.8,24.0
203,ipsilateral,69.25806451612904,11.96774193548387,16.096774193548388
235,ipsilateral,69.9757785467128,7.515570934256055,9.076124567474048
307,ipsilateral,60.59489051094891,19.14963503649635,11.474452554744525
1098,ipsilateral,68.93137254901961,3.1411764705882352,17.79019607843137
1107,ipsilateral,63.18568232662192,3.3870246085011186,14.212527964205817
852,ipsilateral,71.5926243567753,16.263293310463123,19.154373927958833
859,ipsilateral,65.73333333333333,6.8,28.266666666666666
970,ipsilateral,60.31147540983606,17.057377049180328,25.229508196721312
978,ipsilateral,68.49717514124293,14.844632768361581,10.245762711864407
177,ipsilateral,60.1764705882353,7.176470588235294,21.058823529411764
169,ipsilateral,59.17213114754098,15.319672131147541,28.065573770491802
1069,ipsilateral,64.6470588235294,21.980392156862745,8.431372549019608
209,ipsilateral,73.80555555555556,20.131944444444443,30.875
202,ipsilateral,66.11437908496733,18.456427015250544,30.65359477124183
225,ipsilateral,70.47643979057591,14.25916230366492,30.157068062827225
217,ipsilateral,72.69364161849711,19.61849710982659,35.24277456647399
765,ipsilateral,74.37931034482759,14.379310344827585,28.379310344827587
773,ipsilateral,59.233082706766915,5.548872180451128,22.210526315789473
781,ipsilateral,76.42857142857143,18.142857142857142,34.142857142857146
912,ipsilateral,58.774647887323944,18.295774647887324,38.225352112676056
920,ipsilateral,62.963345864661655,21.30686090225564,49.027255639097746
928,ipsilateral,67.46277665995976,17.61569416498994,55.23110089106065
936,ipsilateral,63.684668989547035,7.8861788617886175,58.490708478513355
944,ipsilateral,63.73684210526316,2.5902255639097747,51.37781954887218
951,ipsilateral,62.34370139968896,3.031104199066874,44.33592534992224
957,ipsilateral,62.63854351687389,4.492895204262878,36.1651865008881
968,ipsilateral,63.43734015345269,11.612531969309464,36.071611253196934
1007,ipsilateral,80.22689075630252,20.29796918767507,54.3890056022409
1017,ipsilateral,86.56031922791388,12.734038604305866,49.578693392724574
1025,ipsilateral,82.59358288770053,6.890991361579597,38.994241053064584
1033,ipsilateral,76.30144694533762,7.364951768488746,37.090836012861736
1041,ipsilateral,93.91159067177166,19.564566655064393,25.706230421162548
1049,ipsilateral,88.38650306748467,25.661042944785276,26.742331288343557
989,ipsilateral,66.45238095238095,13.801587301587302,42.13095238095238
91,ipsilateral,75.4392523364486,15.731308411214954,39.72663551401869
846,ipsilateral,82.0548780487805,19.158536585365855,36.5609756097561
184,contralateral,45.594202898550726,108.27743271221532,51.24844720496895
985,contralateral,35.30080447708989,88.0349772647779,55.40433718083246
993,contralateral,43.65873015873016,94.94673382173382,57.91804029304029
353,contralateral,21.023026315789473,74.25592105263158,54.420394736842105
329,contralateral,23.737009882052917,63.6015301243226,61.48453936882372
337,contralateral,39.35738539898132,71.32597623089983,66.73344651952462
345,contralateral,22.997752808988764,84.81733547351524,48.86420545746388
369,contralateral,32.65441959531417,76.38817891373802,61.6975505857295
361,contralateral,38.95590327169275,64.18492176386913,69.51920341394026
182305689,contralateral,29.061611374407583,72.42338072669826,61.72827804107425
378,contralateral,15.353463587921848,69.90586145648312,45.527753108348136
1057,contralateral,19.568516421291054,84.32389580973953,34.30124575311438
677,contralateral,12.675675675675675,68.0295608108108,34.467060810810814
1011,contralateral,14.681444991789819,55.54187192118226,54.78981937602627
1002,contralateral,11.80259499536608,51.66079703429101,50.822057460611674
1027,contralateral,14.583333333333334,46.83,56.06666666666667
1018,contralateral,10.507743362831858,52.998893805309734,45.04535398230089
402,contralateral,19.923273657289002,48.47826086956522,62.23529411764706
394,contralateral,40.487046632124354,54.34974093264249,71.68911917098445
409,contralateral,21.07281553398058,39.954692556634306,60.55663430420712
385,contralateral,31.247405329593267,40.2726507713885,66.9492286115007
425,contralateral,24.43859649122807,30.927318295739347,56.959899749373434
533,contralateral,40.06730769230769,47.11923076923077,71.89615384615385
312782574,contralateral,17.85185185185185,40.465020576131685,57.65432098765432
312782628,contralateral,15.606583072100314,35.36206896551724,51.69435736677116
39,contralateral,52.532792427315755,86.70047329276538,59.43002028397566
48,contralateral,53.408687943262414,82.44680851063829,54.301418439716315
972,contralateral,52.3304572907679,99.93960310612597,51.18205349439172
44,contralateral,53.15632754342432,96.01240694789082,41.86848635235732
723,contralateral,41.756617647058825,101.35808823529412,40.67426470588235
731,contralateral,53.273972602739725,102.95433789954338,43.21613394216134
746,contralateral,49.09438202247191,103.51460674157303,42.88426966292135
104,contralateral,29.77396893411891,96.38189608998393,36.22656668452062
111,contralateral,15.163501238645747,71.36003303055327,27.969446738232865
119,contralateral,29.875143184421535,93.78923253150057,30.0
894,contralateral,44.06368330464716,49.86746987951807,70.83390705679862
879,contralateral,48.191679831490255,50.67509215376514,70.98683517640863
886,contralateral,51.74832535885167,52.73014354066986,66.47607655502392
312782546,contralateral,36.72853185595568,58.47506925207756,70.37257617728532
417,contralateral,26.219607843137254,53.02549019607843,66.57254901960785
541,contralateral,11.306003873466754,48.25887669464171,44.4312459651388
922,contralateral,10.311557788944723,48.766331658291456,33.93467336683417
895,contralateral,11.09080459770115,50.56091954022988,36.10689655172414
507,contralateral,48.25906546605013,117.30627889997567,35.09844244341689
151,contralateral,45.52307692307692,111.80615384615385,42.33538461538461
159,contralateral,46.372999589659415,102.8998768978252,27.471481329503487
589,contralateral,53.51159420289855,98.19710144927537,24.404347826086955
814,contralateral,53.12068965517241,94.50431034482759,36.241379310344826
961,contralateral,23.3531848783014,74.88071810806146,18.50837217331262
619,contralateral,36.071895424836605,70.359477124183,9.96078431372549
639,contralateral,31.979328165374678,67.54263565891473,8.015503875968992
647,contralateral,27.928856914468426,52.324540367705836,11.227817745803357
788,contralateral,24.65751211631664,63.09854604200323,7.579967689822294
566,contralateral,18.551671732522795,46.48024316109422,16.71276595744681
382,contralateral,29.671914480077746,50.68299319727891,47.601360544217684
423,contralateral,29.393805309734514,55.83185840707964,46.01327433628319
463,contralateral,31.442252624880688,54.16671969455934,41.75946547884187
726,contralateral,36.02076335877862,50.41679389312977,46.347480916030534
982,contralateral,55.44827586206897,59.37931034482759,56.689655172413794
19,contralateral,55.95,82.575,49.95
918,contralateral,13.374375,41.638125,30.8984375
926,contralateral,21.436835891381346,33.38095238095238,36.14757969303424
843,contralateral,28.179871520342612,33.67023554603854,43.16059957173447
1037,contralateral,36.029906542056075,39.34018691588785,57.2018691588785
1084,contralateral,29.198237885462554,37.808370044052865,42.56607929515418
502,contralateral,29.890654205607476,41.842056074766354,46.893457943925235
583,contralateral,27.55719557195572,84.92988929889299,31.25830258302583
952,contralateral,25.260289210233594,74.54171301446051,25.10678531701891
966,contralateral,23.02310924369748,63.03151260504202,17.502100840336134
131,contralateral,20.8938679245283,58.18632075471698,26.66509433962264
295,contralateral,23.96315789473684,58.87789473684211,18.690526315789473
319,contralateral,28.63870094722598,61.07713125845738,15.133964817320704
780,contralateral,31.091476091476093,51.75675675675676,16.765072765072766
672,contralateral,33.482848591819504,77.61115800782748,36.93300590898626
56,contralateral,44.909622302158276,88.62095323741008,20.882194244604317
998,contralateral,34.20283018867924,76.95754716981132,18.910377358490567
754,contralateral,41.121275483533715,87.14218504966021,9.884997386304233
250,contralateral,51.53472222222222,78.28819444444444,47.861111111111114
258,contralateral,52.77848775292865,83.64430244941427,37.108626198083066
266,contralateral,50.85666666666667,82.61,31.76
310,contralateral,53.223255813953486,76.76744186046511,42.013953488372096
333,contralateral,55.3125,87.8125,38.8125
23,contralateral,35.92,73.644,13.696
292,contralateral,37.666666666666664,67.41666666666667,8.333333333333334
536,contralateral,30.36651583710407,65.04072398190046,22.396681749622925
1105,contralateral,28.831460674157302,65.1685393258427,17.078651685393258
403,contralateral,36.02169625246548,62.56706114398422,15.474358974358974
1022,contralateral,34.27295918367347,69.65943877551021,31.366071428571427
1031,contralateral,36.80373831775701,65.14953271028037,26.11214953271028
342,contralateral,41.65144392209537,80.96171927468099,16.432505036937542
298,contralateral,40.31891891891892,76.94594594594595,13.302702702702703
564,contralateral,55.74829931972789,83.1360544217687,28.537414965986393
596,contralateral,50.093093093093096,82.26126126126127,13.855855855855856
581,contralateral,54.037267080745345,75.72670807453416,41.701863354037265
351,contralateral,47.875,77.3764880952381,27.194940476190474
287,contralateral,51.5,77.0,28.0
629,contralateral,44.980246913580245,66.13333333333334,34.89135802469136
685,contralateral,47.6865671641791,62.707889125799575,29.05543710021322
718,contralateral,37.26077097505669,62.77777777777778,36.358276643990926
725,contralateral,43.68627450980392,56.15686274509804,33.68627450980392
733,contralateral,39.15956151035323,60.326431181485994,37.4993909866017
741,contralateral,50.45454545454545,57.31818181818182,32.518181818181816
414,contralateral,54.0,56.15151515151515,31.03030303030303
422,contralateral,43.763888888888886,51.68055555555556,35.19444444444444
609,contralateral,55.43859649122807,55.64912280701754,37.0
1044,contralateral,34.07142857142857,46.25,35.464285714285715
475,contralateral,34.65329512893983,47.713467048710605,40.65042979942693
170,contralateral,33.88202247191011,55.37921348314607,46.78932584269663
218,contralateral,41.41707717569786,56.20032840722496,47.97865353037767
1020,contralateral,43.10634920634921,59.15873015873016,40.50317460317461
1029,contralateral,39.85436893203884,48.66019417475728,43.58252427184466
325,contralateral,36.204301075268816,47.096774193548384,44.666666666666664
255,contralateral,46.42788461538461,70.61057692307692,40.34134615384615
127,contralateral,49.91904761904762,70.11904761904762,33.99523809523809
64,contralateral,49.01204819277108,70.03614457831326,44.24096385542169
1120,contralateral,55.2,68.3,33.5
1113,contralateral,51.69491525423729,69.27118644067797,36.86440677966102
155,contralateral,42.66003976143141,64.92047713717695,46.84095427435388
59,contralateral,55.83783783783784,61.270270270270274,38.4054054054054
362,contralateral,52.30088495575221,63.44690265486726,39.86430678466077
366,contralateral,52.833333333333336,63.92,29.733333333333334
1077,contralateral,52.413333333333334,65.58666666666667,26.28
149,contralateral,55.51123595505618,66.9494382022472,40.01685393258427
15,contralateral,53.72566371681416,72.60176991150442,34.06194690265487
181,contralateral,54.80295566502463,67.88669950738917,27.586206896551722
189,contralateral,55.473684210526315,65.13157894736842,31.763157894736842
599,contralateral,55.02777777777778,64.11111111111111,34.31481481481482
907,contralateral,49.983050847457626,62.19491525423729,35.30508474576271
575,contralateral,48.16111111111111,62.333333333333336,42.9
930,contralateral,49.666666666666664,55.81395348837209,39.93798449612403
262,contralateral,38.22841225626741,66.64902506963789,36.200557103064064
27,contralateral,31.176470588235293,54.029411764705884,42.1764705882353
178,contralateral,30.346341463414635,54.541463414634144,39.72195121951219
321,contralateral,31.384615384615383,54.61538461538461,33.69230769230769
483,contralateral,54.617834394904456,62.28662420382165,48.71337579617835
186,contralateral,52.29585798816568,61.22485207100592,46.76331360946745
390,contralateral,44.857142857142854,72.0952380952381,11.80952380952381
332,contralateral,52.5,69.0,17.0
38,contralateral,55.17977528089887,70.31460674157303,22.40449438202247
30,contralateral,56.0,70.39285714285714,15.428571428571429
118,contralateral,56.0,62.52542372881356,15.898305084745763
223,contralateral,54.73880597014925,61.44776119402985,8.402985074626866
72,contralateral,54.0,80.45652173913044,23.282608695652176
263,contralateral,51.744680851063826,80.57446808510639,14.914893617021276
272,contralateral,55.12359550561798,81.33707865168539,13.876404494382022
830,contralateral,53.24293785310734,60.61581920903955,17.16949152542373
452,contralateral,56.0,78.0,30.5
523,contralateral,51.4645390070922,78.37943262411348,17.109929078014183
914,contralateral,51.6,76.2,21.6
1109,contralateral,50.28,80.3,20.84
126,contralateral,54.75,54.55357142857143,10.732142857142858
133,contralateral,55.90909090909091,75.76363636363637,15.4
347,contralateral,55.06382978723404,71.06382978723404,15.23404255319149
286,contralateral,55.285714285714285,71.97142857142858,10.485714285714286
338,contralateral,56.0,72.0,45.57142857142857
689,contralateral,49.4,78.1,10.6
88,contralateral,51.578512396694215,70.2534435261708,15.8732782369146
210,contralateral,47.38235294117647,52.088235294117645,16.764705882352942
491,contralateral,53.31872509960159,50.58565737051793,17.780876494023904
525,contralateral,52.99159663865546,51.588235294117645,21.30252100840336
1126,contralateral,55.5,55.1,14.1
1,contralateral,47.148148148148145,55.94444444444444,12.222222222222221
515,contralateral,53.602094240837694,75.82198952879581,17.319371727748692
980,contralateral,52.614285714285714,54.44285714285714,16.771428571428572
1004,contralateral,51.350515463917525,55.381443298969074,12.896907216494846
63,contralateral,52.193548387096776,65.90322580645162,22.35483870967742
693,contralateral,52.44814814814815,62.93333333333333,11.803703703703704
946,contralateral,53.80177514792899,56.624260355029584,23.21005917159763
194,contralateral,44.77024482109228,64.44538606403013,19.166666666666668
226,contralateral,46.64591439688716,77.2023346303502,16.782101167315176
356,contralateral,43.375,60.25,21.5
364,contralateral,45.10126582278481,56.30379746835443,22.17721518987342
173,contralateral,51.53623188405797,69.40579710144928,9.53623188405797
470,contralateral,40.1,57.87,25.16
614,contralateral,47.6044776119403,62.27238805970149,10.380597014925373
797,contralateral,41.30659340659341,57.34065934065934,29.60879120879121
302,contralateral,49.865642994241846,38.938579654510555,63.43474088291747
4,contralateral,44.270392068499326,27.177557458314556,57.726453357368186
580,contralateral,35.91304347826087,40.5,45.73913043478261
271,contralateral,37.92307692307692,36.30769230769231,41.46153846153846
874,contralateral,35.56,37.04,40.4
460,contralateral,48.0,25.428571428571427,38.857142857142854
381,contralateral,40.32274459974587,46.560355781448536,27.282083862770012
749,contralateral,49.40284360189573,47.838862559241704,27.497630331753555
246,contralateral,45.39393939393939,40.93939393939394,33.196969696969695
128,contralateral,46.65455950540958,41.52820710973725,39.763910355486864
294,contralateral,47.53567586948727,39.57870204374328,55.60666905700968
795,contralateral,52.867077464788736,37.63952464788732,47.710827464788736
215,contralateral,44.23630672926448,50.33646322378717,46.183098591549296
531,contralateral,53.130434782608695,50.21739130434783,55.08695652173913
628,contralateral,46.342592592592595,49.75925925925926,55.05555555555556
634,contralateral,53.263888888888886,50.951388888888886,48.59027777777778
706,contralateral,49.96666666666667,52.0,52.93333333333333
1061,contralateral,48.138888888888886,49.291666666666664,53.375
616,contralateral,43.313380281690144,29.904929577464788,44.88028169014085
214,contralateral,49.19949494949495,44.09090909090909,35.56565656565657
35,contralateral,55.411764705882355,40.294117647058826,40.88235294117647
115,contralateral,54.333333333333336,35.0,41.333333333333336
757,contralateral,53.64705882352941,31.941176470588236,34.294117647058826
231,contralateral,54.476190476190474,35.476190476190474,32.333333333333336
66,contralateral,33.111111111111114,48.333333333333336,34.55555555555556
374,contralateral,42.91089108910891,47.34653465346535,27.88118811881188
1052,contralateral,44.18099547511312,34.158371040723985,36.321266968325794
12,contralateral,55.588235294117645,44.64705882352941,29.235294117647058
100,contralateral,54.93877551020408,44.42176870748299,24.53061224489796
197,contralateral,56.0,45.64705882352941,33.294117647058826
591,contralateral,55.65714285714286,40.142857142857146,34.457142857142856
872,contralateral,56.0,33.513513513513516,42.189189189189186
612,contralateral,38.96476964769648,36.333333333333336,27.094850948509485
7,contralateral,36.336363636363636,29.16,22.503636363636364
867,contralateral,41.63780918727915,27.356890459363957,36.1660777385159
398,contralateral,44.34216335540839,31.830022075055187,11.507726269315674
280,contralateral,48.75,24.375,35.125
880,contralateral,54.78181818181818,26.8,37.4
898,contralateral,52.70517928286853,24.91235059760956,35.26294820717131
931,contralateral,50.57232704402516,41.37735849056604,15.083857442348009
1093,contralateral,50.0671704450042,29.02434928631402,20.214945424013433
318,contralateral,54.22222222222222,22.444444444444443,29.666666666666668
534,contralateral,41.39393939393939,30.446969696969695,30.325757575757574
574,contralateral,51.81360946745562,37.64497041420118,18.24852071005917
621,contralateral,40.93181818181818,28.943181818181817,26.119318181818183
679,contralateral,54.8731884057971,35.58695652173913,27.25
147,contralateral,47.333333333333336,24.166666666666668,36.0
162,contralateral,51.36274509803921,27.754901960784313,39.30392156862745
604,contralateral,54.55769230769231,25.442307692307693,30.653846153846153
146,contralateral,47.89871244635193,35.959656652360515,25.751072961373392
238,contralateral,56.0,29.055555555555557,28.583333333333332
350,contralateral,47.46666666666667,24.666666666666668,31.933333333333334
358,contralateral,49.75,24.75,31.666666666666668
207,contralateral,55.666666666666664,4.666666666666667,29.166666666666668
96,contralateral,32.35099337748344,18.188741721854306,28.966887417218544
101,contralateral,30.264591439688715,24.56809338521401,21.760700389105057
711,contralateral,48.61585365853659,3.2378048780487805,27.524390243902438
1039,contralateral,53.775,1.2,27.525
903,contralateral,43.43269230769231,6.384615384615385,30.634615384615383
642,contralateral,50.45454545454545,32.01298701298701,11.402597402597403
651,contralateral,49.05418719211823,9.160098522167488,26.37192118226601
429,contralateral,39.808716707021794,2.722760290556901,20.058111380145277
437,contralateral,37.45685840707964,9.775442477876107,20.256637168141594
445,contralateral,37.90466926070039,19.348249027237355,19.877431906614785
653,contralateral,53.0625,23.25,26.875
661,contralateral,43.41327623126338,22.40899357601713,11.237687366167023
576,contralateral,46.0,25.5,16.0
135,contralateral,43.0,12.863636363636363,12.863636363636363
839,contralateral,53.367816091954026,5.67816091954023,25.379310344827587
1048,contralateral,52.675824175824175,17.328885400313972,17.376766091051806
372,contralateral,43.4,16.28,39.68
83,contralateral,52.98765432098765,10.757201646090534,8.061728395061728
136,contralateral,47.32559825960841,14.289340101522843,18.137781000725163
106,contralateral,42.4,18.8,24.0
203,contralateral,44.5,12.058823529411764,16.08823529411765
235,contralateral,43.97212543554007,7.519163763066202,9.087108013937282
307,contralateral,53.30566037735849,19.116981132075473,11.456603773584906
1098,contralateral,44.99804305283757,3.152641878669276,17.823874755381606
1107,contralateral,50.7,3.3555555555555556,14.177777777777777
852,contralateral,42.30987124463519,16.261802575107296,19.177682403433476
859,contralateral,48.142857142857146,6.785714285714286,28.214285714285715
970,contralateral,53.6,17.008,25.216
978,contralateral,45.401114206128135,14.821727019498606,10.239554317548746
177,contralateral,53.72222222222222,7.166666666666667,21.11111111111111
169,contralateral,54.495652173913044,15.57391304347826,28.191304347826087
1069,contralateral,49.291666666666664,22.166666666666668,8.5
209,contralateral,40.007194244604314,20.14388489208633,30.841726618705035
202,contralateral,47.74403470715835,18.46637744034707,30.649674620390456
225,contralateral,43.41688654353562,14.248021108179419,30.17414248021108
217,contralateral,41.16949152542373,19.593220338983052,35.24293785310734
765,contralateral,39.55555555555556,14.37037037037037,28.37037037037037
773,contralateral,54.64393939393939,5.583333333333333,22.242424242424242
781,contralateral,37.42857142857143,18.0,34.214285714285715
912,contralateral,54.54545454545455,18.272727272727273,38.18181818181818
920,contralateral,50.360512820512824,21.35076923076923,48.994358974358974
928,contralateral,45.87659187386295,17.758944815039417,55.0554881746513
936,contralateral,49.7531017369727,7.942928039702233,58.495657568238215
944,contralateral,49.833333333333336,2.5883534136546187,51.36746987951807
951,contralateral,51.07966101694915,3.01864406779661,44.29830508474576
957,contralateral,50.745173745173744,4.494208494208494,36.15250965250965
968,contralateral,49.92649098474341,11.579750346740639,36.0624133148405
1007,contralateral,33.6757798808272,20.273746933052927,54.40378548895899
1017,contralateral,27.332838589981446,12.732282003710575,49.593692022263454
1025,contralateral,31.322792607802874,6.882135523613963,38.99958932238193
1033,contralateral,37.648475120385235,7.303370786516854,37.11958266452648
1041,contralateral,20.01673056814221,19.540606483095154,25.71244336005577
1049,contralateral,25.5,25.689969604863222,26.768996960486323
989,contralateral,47.45381526104418,13.76706827309237,42.10843373493976
91,contralateral,38.484633569739955,15.725768321513002,39.74704491725768
846,contralateral,31.820359281437124,19.15568862275449,36.47904191616767
